﻿-- User
--user1 Qwerty123
--user2 12345
--admin 12345
DELETE FROM [dbo].[User];
INSERT INTO [dbo].[User] (userId, email, passwordHash, passwordSalt, firstname, lastname, startDate, photo)
VALUES
    ('59b4f489-9603-4db6-a20b-823b69892cbb', N'AndreyLapitsky@coherentsolutions.com', N'MTUuMgEq6pGl4UwBFuxd5pppsBI72xH401lPtcispwY=', N'Uq31exzPme4ELar5', N'Andrey',  N'Lapitsky', '2013-03-09', 0xFFD8FFE000104A46494600010101006000600000FFDB0043000504040404030504040406050506080D0808070708100B0C090D131014131210121214171D1914161C1612121A231A1C1E1F212121141924272420261D202120FFDB0043010506060807080F08080F201512152020202020202020202020202020202020202020202020202020202020202020202020202020202020202020202020202020FFC00011080098007203012200021101031101FFC4001F0000010501010101010100000000000000000102030405060708090A0BFFC400B5100002010303020403050504040000017D01020300041105122131410613516107227114328191A1082342B1C11552D1F02433627282090A161718191A25262728292A3435363738393A434445464748494A535455565758595A636465666768696A737475767778797A838485868788898A92939495969798999AA2A3A4A5A6A7A8A9AAB2B3B4B5B6B7B8B9BAC2C3C4C5C6C7C8C9CAD2D3D4D5D6D7D8D9DAE1E2E3E4E5E6E7E8E9EAF1F2F3F4F5F6F7F8F9FAFFC4001F0100030101010101010101010000000000000102030405060708090A0BFFC400B51100020102040403040705040400010277000102031104052131061241510761711322328108144291A1B1C109233352F0156272D10A162434E125F11718191A262728292A35363738393A434445464748494A535455565758595A636465666768696A737475767778797A82838485868788898A92939495969798999AA2A3A4A5A6A7A8A9AAB2B3B4B5B6B7B8B9BAC2C3C4C5C6C7C8C9CAD2D3D4D5D6D7D8D9DAE2E3E4E5E6E7E8E9EAF2F3F4F5F6F7F8F9FAFFDA000C03010002110311003F00FB2E8A28A0028A28A003145646B1AFE93A0593DE6AB7B15BC6A3F89B927D00AF987C55FB58369FA94D6BA4698BE5239D8F329C91D81E6A1CD22945B3EB4A2BE119BF6BEF1A9D41A45B3B45B661FEAD23E548F727BD5FD07F6C8F10DAB6CF1068306A11975FDE40DE5BAAE79E3182714B9BC8394FB829315F3D784FF6AEF87FE20BF4B3D52DEE74232305496E30F1E4FA91D2BDC349D7F44D72069B46D5AD350897EF35BCCAE17EB8E954A498ACD1AD4514550828A28A0028A28A0028A28A002B175FD6B4FF000EE8177AC6A7751DADB5BC659A491828CF61CF1926B6ABE38FDAE3C617536B7A4F816CAF196DC462EAEA20300B1384C9EFC64D44E5CA8A8ABB3C37E23FC45D7BC43E30BFBE5D6E7785A4255D0840074030A7078AF32B89A49E4F32462CCFCEE356EE6169BE4854EC4381EFEF48D66DB80EBB78FC6B18B48D5A6CA1C64ED391576D6758465C093D8F7A923B1D9F333023A9C0E0D3678552318000ED54DA7A0945A2DAB59DD46648A3F29C76AEE7E18FC4EF127C31D4E5BCD0E489ADA623ED36F220659076E7B7E15E7567657CEC67B5B772011BB038C56C468D04CBE62E41E991EBD45652D36668937AB47E92FC35F89DE1EF891A08BED26E02DDC400BAB46E1E16FA771EF5DF9AFCC2F03F8C354F873E3EB0F1468F23347B825C419F9668C9C3A1FE62BF4B74AD460D5B47B4D4EDF221BA896640DD40233CD6F4E7CDA18CE3CACD1A28A2B5330A28A2800A28A2800AFCEAFDA327963FDA07C4525C292235882F3FC3E5AE07E66BF457BD7E6CFED2970CDFB42789E33FC2D081F4F296B2A8AF63483B339282CD61D2AD99A3CCF72D9518A7369535C5DFD8EDED59A51F7BDABD17C09E1D8750D3ECB54B85F3E58936411B7DD4F7FAD7AEE89F0F2CA1BBB79F00AEFF003262472C7D3E99AF1E75ED2691ECD3A2A514D9E29A57C25D62E2D05D5D46D16E190B8FBA3AE4D7A3784FE08E86A3EDFABDBB5EB903CA8A42483EACDFD057BB358DA3DBAC0146CC608F5FAD490AADBAB304CFF4AC5D693EA6F1A50B6C70C3E1E787ECF4A92DE2D2A0895D4A90A807EB5E25E32F012DA2CF2DAC00F97F30C75E2BEA1B89CCB018C77AE07C4766AF6D36573F5A8F68D4AF72F922E3668F9157F786E6D654DA539E7B1C7F87F2AFD19F83FA88D53E0EF866EFCE133FD8D6376518F997E53FCABE08F1C584563E2691613B4BAAC9F51D3FC47E35F6EFECF734737C0AD01A34F2F6F9AAC3DC48C3FC2BD8A0EEEFDCF12BAB687AC514515DC7185145140051451400DED5F05FED7DE16FECBF8AB61E23841F2B5AB21BFE5C012C4429FCD4AD7DD57537D96D269B19F2D19B1F419AF8D3E2A6B1AA7C42F00F9DAE468B3E9D729756E8235CAEE6085430FE1208383E82B9EB568D36A2FA9D34684AA5E51D90CF06DAC3A3E83A7DBCAE23D912966638192326BD5BC3BADE977C02ADEA2E7A6F3B73F9D78B788EDEED6DE19A30FF0067847CCA8BB8B1EC315C35FE93E20D4B4D8F54D3BC3F7E4493F939F39DE5078C131AE36A9F5CF18AF1943DA48F639BD9C4FB4C0B7C0DB206F71DE9ACC9B7018735F3CF85F4EF1BF83EEBC8BB9C4D6E9B3CDDB70D2A7CDE99EE0F06BD63C47757163E1917B6D2EE99D4051D324D6724A2EC7445DD5CE86F3EC7046D349751C6A832771C579DEB1E20D2EEA77B5B6BB47E339EC6BC5BC5DE14F1DDD5B5E6B8D34D32C122A1B586566760DDD572320700E3D6B3ECAD75AD24DB695A9E9AF1B5C462457490B6CCF66F43ED5A3A2B979CC7DABE7E424F8A16AD6F7DA66AB18CA36F81BD0E791FC8D7D95F02349BDD23E097876DEFE331CF2C6D71B1860AABB965FF00C748FCEBE61F1468926A1E08B1B7BA51E6C1756C18B742A640A49F6C357D1DF0DFC61AD6B1E2CBBD1EE234FECD82D374016308232AC142A8EB8C1EE6BB70D562AD17B9E7D7A339734D6C8F61A28A2BD43CC0A28A2800A28A2802ADC42B3DB4B037DD914A9FA118AF913C61A35DD95D4FA00942182560FC7FAC0832A3F1E2BEC3AF10F8A3A0A41E24875378F7DADF2847E381228C7E6463F5AF3F190BC549743D0C0D4B4DC1ECCE0FC3BE4EA365B1F051FE6AE960F09DA2C598231BDB963EB5E79E1DBA6D3E736ECC76A3B21FC188FE95EB9A75FC7F6653BB3C66BC7D13B9ECC36399D76DC69E9140EDF2A296D83A7B7E3506AB7123E8360922FCA08DC0F61593E3AF102DADFC52C9657570A0E15608F713EA4FB53358F1D68B2F86CC71DA4AF7C0287B78C1675CFF00B34B596A74C7952F78E974ED19753D3E36662DB381CE08A74FE15D2ED1FED1E5E24279CF7AA1E07D7049A5A7EEE58D1F91E6AED603DC568F88B5158A02CAFC9E94F9AFB99C958E27C465EE2DE5B78080CCC8149E836B06CFFE3B5EBDF07EC5E6BBD475B65DAA51611FEF1C337F21F9D78EC03ED5A89F314BAC7117C11D198E07F5AFA6BC09A3B68BE0EB3B59322793334B9EBB9B9E7F0C5766121CD513E88F331553928B5D64FF0003ACA28A2BDC3C40A28A2800A28A28012A8EA1A6D96A9632596A16C9736F20F9A371906AF52F6A5B8D3B6C7CABF10BC3F6FE15F1D496B676E60B1B9517108C9239E1C027D1BF9D739ACF8E8785E0B68DA16916452C5BB71DABDC3E3A6911DFF826DAF63DB1DED95DA182423B302194FB1C0FC857CB3AB6BF6770FA6D9DC2062F3159217505811C115E16268A5534D8F6B0F59BA7A97B5DF1B5D788B4E8E0B6F2D11C82CE1863AF150DE4DABDC68890DDB406D94E3CC6DBFBEF403B9C56CEA9A65B5A4F1DE49E1E59D2351CC51AE428F51DEB257C4BE1FBC9DECE0F08C6B707818C123E80F4AC2366BDD3D14A3F6A5A8DB2F1EDCE8B602D6F25DC47CAACCC0B37B575563AF7FC245A4C17F22ECC161EC71E958773A5D9D8F866EAE2EB4C82DD241BB250120F6AB7E098C788AEB43D0ECDFCB5BC9162DEA3FD5293F337E59FA9A6A2A7F0A30A93E5DDE87BDFC2DF05E9971A447E22D4AC4CB76F29F20C8C76845FBA76F43CEEEB5ECB5474EB1B6D2F4CB6D3ED63F2EDEDA311C6BE800ABDDABDFA74D538A8A3E7AA4DCE5762D14515A9985145140051451400515E39F133F684F02FC378A4B57BA1AD6B4385D3EC5C3153FF004D1FA27EA7DABE3EF889FB497C44F1E5BCBA747709A069127CAD69A7B156917D1E4FBC7E8303DA803EAEF8BBF113C2775047E0DD3F528B52D5E6613B2DA38912D950F59181C2924E00EBD6BE64F885A0DD06B7F10E990969ED5C3C81064B2FAE3B91589F09EDA21A15FEA2A019BED4B1B1EE142E40FD4D7AE7135A95C0391DEBC6AF53F7CDAE87AD421FBBB77383B7F8B0B7F656B6AC4AE415914FDE26ABDE788747571A844F12DC27CCC17AE7B549AD781B4FD66E7CFB484595E2F1BD38DDDB91FD7AD63FFC2A3D42D099E7BE2F6E793B786350A149EBB1B73545A6E5AF127C479FC43A147A3D9C626B99B0362F619AEDFC17FDA5E11B1D3EF2C7C83AB5BA99233382D197DA7686EFB73E95CF787FC25A6E977310B6B55CA90C647E5C9F735D6DD6328075DC294E4A3A406A3297C67B87C2FF008EDA0F8CA36D2FC4D35BF86BC4F6EFE54D613CC1526F47899BA83E99CFD7AD7B50C11C735F959F142685BC757115BB67C98638E4C7F7B1923F0C8AEBBE1DFED15F10BE1FDBC1A7ADE26B7A3C600165A812C631E88FF7947B723DABD9A6DCA0A4FA9E3548A8CDC5743F49A8AF0FF871FB477813C7662B1BCB8FEC0D5DF816D7AE3CB90FA249D0FD0E0FD6BDBC10402391EB5A198B451450078D7C42FDA2BE1DF805A5B1FB71D77578FE5FB169E43ED6F477FBABFA9F6AF91BE227ED1DF107C78D359DBDE1F0F68CDF29B3B07219C7A3C9F79BE8303DABCAFC40C7FE126D597A0FB5CBFF00A19ACBCFE54008CDB9CB1E49F5A615E08A7F5A0D00765F0D7C469A2EB9269F7926CB2D40042C4F0920FBADFAE3F1AFA234E1B184720F95ABE41615EDDE01F899672D8C1A2F88A6FB3DDC58582F1FEE483B2B9EC7DFA1AF3B1541BF7E3F33BF0D592F7247AD4DA6A4577BC0CAB53E78DDA111348E635FE1357CC8971A74529C1F978653D7E9EB59DC4B208DA6661E9EB5E723D06CA96B6A3E7936F19ACBF10DE5BE89A35D6B378C161B75DC14FF001B7F0A8F726B63C45AC695E19D2D6F356BA4B5871F2AF5790FA2AF526BE73F1C78F2FBC617891AC66D74CB763F67B6CF24FF007DFD5BF415D346839BBF430AD5941799C7DE5CCFA85FCF7B72DBE7B890C8EDEA49C9A4DBD691540193D69D5EC9E38F8DDA36DCA706BD9BE1AFED0DE36F87ED159C974758D197836376E5820FFA66DD53E9C8F6AF16A2803EE6FF0086C4F04FFD00754FCD7FC68AF86F71A2802EF880FF00C551AAFF00D7DCBFFA19ACDED5A3E20FF91A355FFAFC97FF0043359A7A5003B9A39A4A28002298DC7F853F349401B9A4F8D3C53A1C3F67D335CBA86DC7FCB066DF1FFDF2D903F0AD9FF85B1E361FEAF528227C637A5B26E1F4C8AE1F183DF14EC543A707AB45AA925A265AD4F56D4F5ABF6BED5AFE7BEB86EB2CEE58FD07A0FA55751839A68A7F357B11B8BDA8A4CF149400B9A5CD273473400EA293345005DD78E7C4FAB1FF00A7C97FF43359F4514005145140077A28A280131F952E28A280147D28A28A003B5145140051451400BCD1451401FFD9),
	('59b4f489-9603-4db6-a20b-823b69892caa', N'romanm@coherentsolutions.com', N'eLafTFS5078UYHW52APY2TH5Qu+OEb/qbYcljjsgzfk=', N'RB/oqhBsrAB81iLw', N'Roman',  N'Malinovskii', '2013-05-03', 0xFFD8FFE000104A46494600010101006000600000FFDB0043000504040404030504040406050506080D0808070708100B0C090D131014131210121214171D1914161C1612121A231A1C1E1F212121141924272420261D202120FFDB0043010506060807080F08080F201512152020202020202020202020202020202020202020202020202020202020202020202020202020202020202020202020202020FFC00011080078005A03012200021101031101FFC4001F0000010501010101010100000000000000000102030405060708090A0BFFC400B5100002010303020403050504040000017D01020300041105122131410613516107227114328191A1082342B1C11552D1F02433627282090A161718191A25262728292A3435363738393A434445464748494A535455565758595A636465666768696A737475767778797A838485868788898A92939495969798999AA2A3A4A5A6A7A8A9AAB2B3B4B5B6B7B8B9BAC2C3C4C5C6C7C8C9CAD2D3D4D5D6D7D8D9DAE1E2E3E4E5E6E7E8E9EAF1F2F3F4F5F6F7F8F9FAFFC4001F0100030101010101010101010000000000000102030405060708090A0BFFC400B51100020102040403040705040400010277000102031104052131061241510761711322328108144291A1B1C109233352F0156272D10A162434E125F11718191A262728292A35363738393A434445464748494A535455565758595A636465666768696A737475767778797A82838485868788898A92939495969798999AA2A3A4A5A6A7A8A9AAB2B3B4B5B6B7B8B9BAC2C3C4C5C6C7C8C9CAD2D3D4D5D6D7D8D9DAE2E3E4E5E6E7E8E9EAF2F3F4F5F6F7F8F9FAFFDA000C03010002110311003F00EE7F68DD42FADFE13EA125B5D4B0B25CC03746DB4E33EA39AF94749D735B6D3E32758BC3D7ACEDFE35F54FED18BBFE10EB1FECCD01FF00C7857C91A30CE9B1FD4D6D0DCE47B1BFFDB5AD7FD05AF3FEFF0037F8D4675AD6F3FF00217BCFFBFCDFE3506DA429CD6B6209A1D735AFFA0BDE7FDFE6FF001ADED3B50D7EE41F2F53BB2A9F79DA56DABF5AE7349B0BAD535282C2C937CF336D5CF007B93D80AEEBC53A56B1A5E9D6DA26816B25C5A6DDD3489C191BB93FD07615CF5AB2A6ADD4E8A342555F910AEB7A829755D52FA464E0B190804D4B26BDAB465556F6EF246462624D645868FE2496448CE92D1961CB9AECF4FF0001DEC9665AEA6DB311E95C12C44BB9DF1C2791870F8835399B62EA774AFE8653CFEB5DCE8BE0CF1C6AE1269F50B8B2B76C1DEF29248FA66BCEB5FD05348BD10ACC4311B948ED5EA3F08FC7F7735D43E0ED60F981949B29F393C7FCB3FA7A7A56B4710E4F964736230DC8B9A277FA2F836D747DB24F7D757B38FE2965245768933045031D3D05537FC854CACBB07EF13A7F7ABB8F3B73CF7F6835DFF0835FF6684FFE3C2BE45D0573A62FB31AFB17E3D26FF843E241E8B19FFC7857C7BE1D19D37FE0669533696C6AEDE290A7353EDA4200AD8CCEBBE1BE8B3BC173ACA8DBBDBECF113D7039623F1C0AF4E8CC89859539FA578A2EB3AF785751D361822DF0796AB343E66486639CE3B1E47D6BD4AE3C69A5E91751DB6BCE6DA5719E573C1EF5E1621B9CDB3E9B09050A7AA3B3B108E41C803DAB52E638D2DC12C0FA67A9AC3B7B9B1BCD356FF4DBA8EE206FE2439ACDD6F5996CEC59E3CB4ACB8527B573DBA1D8F45747987C52BC8D3C4D0C50B64AC5FBCC1E01AE2F4FD71ECAEE0B9B5F966B5904B1B29C1C839C7E35ABAFC535DDD4D71326F2DCF0727EB5CCDAD9CAD72248CE5B70558F1C939E05754236479555DDB3E9D9FC4DA86B70ACDF6EDA9228631C5C01919C1AEBAC483A75B12493E52E7F215E6BA75A1B7B2B38769CC0803BFF0079F1C8AEEAD6775B385431C0451FA56D42A36DDD9C1382B22FFC704DFF00097C4E3FE98A1FD56BE38F0C8CE98DFF005D0D7D9DF19D777C28F14AE0FF00C7B03D3DC57C6BE165CE9AFF00F5D0D7A14F73965B1B0CB815369BE42EAD6D25C806147DEC0F438E695938A876819CFBE7F2AD65F0B229FC48F63F0E69769E27787C4B75A5C690C7F35BC8EA0B49FED0F419E9547E267834EB5610DF5BC5BEE626DDB10E1CAFFB27D47A77AE4FC31E25F14E916565A7C17B04765B010B3AEFDA7B0EDDABA2D7FC4B71622C3559AE5255326C9D623F26D3E83D8F35F3CD3E87D82945C6CCADE0DB5D674B4C1F367B19976C85E2F2DC1FF697D7DC5755791C29A3DC35D7EF11465723041ED5B167AAD85ED8C4F0B053B7A8EE2B2B508575181ED657C44C782BD6B16DDCD2C946C8F27B98DD77C924817232DE98AD3F01F8760BFD6DB58700D9D8E5BD433F61F875AECA4F0DDBE9F3E9CB1C6D3DBCC596E27DC04B1B63E561DB1EA2AF5B5A5D0F3ADAD1A55898EF2B20518EC791D47D6B494FDDB1C7570F687332DC974269CC28005081CF7393DBDAB6E0908B68BFDD1FCAB0D74E5B44695A4DF23601C7415A911FDCA73FC22AF0D25AA479B57A1DAFC5E8F7FC2EF14AFF00D3A67F957C5BE141FF0012F9BDA4FE95F6D7C544DFF0DBC52BFF004E4DFC857C51E1119B3B85FF00A6BFD2BDCA4797237D978A876069550F46602B522D3AF2704AC5B11465A49085551EA49AE6AEF5FB7866B95D3A313C76E36B5D38E1A43D020F41C9C9AD24EC89845B7A1E9BA3E9B78B76B3412096D82283B18065C74CE69BE24D3F439238D96CC35E1604CA786C74231D2BCE7C1FE23D72386F648A7431C64280F9CB1FA8AB71EB1E22D42F24FB55AEFCB71E5FDD02BC292B49A3E9E355CA091DF584F6F68891A48238A35C0078E2ADDC6B3733C07FB3213332639C75E6B0F49D0E5BC9035C64F4E33C0AD9F13DD47E16F0B4AD0802EE71E540BEAC7BFE1586EEC8DD3B46ECB965F123C39A8EA91E99730CF67B18C4AEC7E47907DE000EC3D6BA1B9D5AD62D463B78544B13EDCC8ADC73E95F345FC456D6D6DC92764D191FED3672C4FE75EB56570F25BC4AA13A0CA93D7E87B1AEE961212573C7A9899CDEBB1D96AFAC429736D636ADBE4964C391D1055B8E69BCA4E4FDD15C6C10F97A9D936720C9D7B8FAD762A06C1F4AE554FD8BE51DF9D5CF4FF8A3716D0FC3EF104771711C06E6D4C11197A3390303DEBE56D0EDB4AD2F488574D8375C4FF7A576DC7DCFA0AEBFE2D78E1FC45E2DBB8D5D96C2C498EDE2F50000CC7DCFF2AF27B4B9B8FECD86389B68DA578FA9AF656870289A1E2DD719A23A658B1110FF005857F88D73D1E9E5B438B6FCC325E403D4F7FE5535E5BF97096DA58E326A9DB788E4B625174A7953014AB3633FA5266891D4F84F4665D127B8DB956988FA8AEA20D02EACB5155DECB6F2F206DAE57C2BE3DD2EC609F4CBFB592DE276DC525703CB278241EE08ED5E8BAD78C34FB0F0CA6A5A7F91A8B6D5112B49B437AFE2076AF32AD3973E8B73D6A1523C9BEC743A2DAC1650BCF70C1228C16676E800AF1FF17F88DBC47E2392F3695D3AD415853D47AFD49ACDD7BE2A6AFACC2F649A5186C1387485F1B8FBFAD64DAEA96BAAD916821923584E65120EFD867BD6F470FC92E691857C4F3AE58952EAE264BDD3D76F992799E6328EEC7B57A036BCF6B6C855111F1C2A8E86B89848FB525C37123F209FE15EE6B72D763CDE7CCA38E1558F0A3FA9AED470336EC7C4BE20FB42CBF6713206CE24FE95DC278BCF96BBAD406C0C8DA6B8A8A60547CC4FD1702ADF9B5328465AB424DAD8E475FB963AEEA11B36F0B71205707A8DC783EF5534F93FE2570EDEBFFD7ABFE22851BC47A97F09370F9E3AFCC6B12D1BC98A4B52C728C7F23C8AA19A734CAC854303EA45668459236723867E3E8290487CA655C64F031D6A7DAA888839DBC50052BFB68E63142D0AB195B009157F5CD074DD26D2C64D37564D404B0EF64404790E4E3047AFF85569016D5A1E788D19B9F53C7F8D1752297B78C13F3CBB981ED8140CA779B2CED3C845C71C9F5AB5616C22D0555482CF28326DED9F5ACFD654EF6C54F3486CE48AF54FFA3CAA12651D88E8D480513EFBA9D97A6E112E3D07FF005EBA1B1655019BE793F303D8573BA0D9B5E29B991884DC76FB9CE49AE905AC68397908F4DD8FE54D099A68E4637123DAAD8978EF5910A6D6C471B7E1CE6ADED93D40FF00810A649B7E30F01F8AF48D5AFEE6E34D9A5B56999FCD8FF7A8013919C722BCCEF5FECD7A1FB3C6411EE3FF00D75F6EEB37061BA9C86239F5F6AF99FE295AD8EA57D34B6B6F143756C85D9D06039EF9C75E2B8562ADF123D458194DBF67AE973CEAD642D18629B0D5C51F30ACEB66CC6A17A62AF2618637608FD6BB0F3DE8C267F26E44CCA8C8CBB3E75CE2A176532ACC020D83002F43EF53B90C855B91E954258DA160522C81CF14089B538D644566FD2B27519C9B38ACE2CB33E140EE49AB773A827947CC420FA1AF52F83BE0417D2278BF58B6C86E2C2190700743291FCBF3ACAA54508F3334841CE56473DA5F87F59B7D3214874B211547FCB17727EA69CC2F63631CB6C8AC3A85F91BF235F555BE6240A0900543A959E9BA94463D42C20B953FF3D2304FE7D6B8D6375D51DEF0375A33E55F964F95AE248DBFB93700FE3D2AE0B26DA3E45FFBE857A97887E1EE94E8D26972FD989FF9632FCC87E87A8AF3A93C3F2C52BC4D6926E4254E1C6323F1AEC85784F638AA61E74DD9A3DFFC69AA7D87ED9337017A7BD791A3782AF59E4D42DF53F32607CC2CC08E4738C76A28AE0B27BA3D4F6B3A77E576B9E49AC698BA1EA86D56F127B57CB41360A165CF4607A11DE988CB8F9A65C7B1A28AEF836CF2642B48AABF2904567DC5EB22908A4D1456840786346B8F16F8C2CB497045B96F327C768D793F9F4FC6BECAD1ED56DACE3861876471A8555038500600A28AF3713277B1E8E122B735F6BAAE483542EA7280F068A2BCF47B079D78C7C531E8F64F704EE933B628C7576FF01DEBC32557BA9E4B99DAE1A5958C8E4330049E4F19A28AF5F0B15CA7878C93E7B1FFD9),
	('59b4f489-9603-4db6-a20b-823b69892baa', N'admin', N'eLafTFS5078UYHW52APY2TH5Qu+OEb/qbYcljjsgzfk=', N'RB/oqhBsrAB81iLw', N'Admin',  N'Admin', '2013-05-03', null)

-- Role
DELETE FROM [dbo].[Role];
INSERT INTO [dbo].[Role] (roleId, roleName)
VALUES
    ('59b4f489-9603-4db6-a20b-823b69892cee', N'User'),
	('59b4f489-9603-4db6-a20b-823b69892cff', N'Admin');

-- User_Role_Xref
DELETE FROM [dbo].User_Role_Xref;
INSERT INTO [dbo].User_Role_Xref (userId, roleId)
VALUES
    ('59b4f489-9603-4db6-a20b-823b69892cbb', '59b4f489-9603-4db6-a20b-823b69892cee'),
	('59b4f489-9603-4db6-a20b-823b69892baa', '59b4f489-9603-4db6-a20b-823b69892cff'),
	('59b4f489-9603-4db6-a20b-823b69892caa', '59b4f489-9603-4db6-a20b-823b69892cee');

-- TrainerGroup
DELETE FROM [dbo].TrainerGroup;
INSERT INTO [dbo].TrainerGroup (trainerGroupId, trainerGroupName)
VALUES
    ('59b4f489-9603-4db6-a20b-823b69892aaa', N'.NET');

-- Trainer
DELETE FROM [dbo].Trainer;
INSERT INTO [dbo].Trainer (trainerId, userId, trainerGroupId, trainerInfo)
VALUES
    ('59b4f489-9603-4db6-a20b-823b69892cdd', '59b4f489-9603-4db6-a20b-823b69892cbb', '59b4f489-9603-4db6-a20b-823b69892aaa', N'Разработчик программного обеспечения с опытом около девяти лет, лидер команды. Проводит практические и лекционные тренинги по Windows Presentation Foundation. По образованию – радиофизик. Увлечения: спорт, музыка, путешествия.'),
    ('59b4f489-9603-4db6-a20b-823b69892abb', '59b4f489-9603-4db6-a20b-823b69892caa', '59b4f489-9603-4db6-a20b-823b69892aaa', N'Ведущий разработчик программного обеспечения с опытом работы более пятнадцати лет. Является техническим лидером проектов RMSys и Vacation Manager. Проводит практические тренинги по MVC ASP.NET, Web API ASP.NET, Front-End-разработке.');

-- CourseGroup
DELETE FROM [dbo].CourseGroup;
INSERT INTO [dbo].CourseGroup (courseGroupId, courseGroupName)
VALUES
    ('59b4f489-9603-4db6-a20b-823b69892ccc', N'.NET Course Group');

-- Course
DELETE FROM [dbo].Course;
INSERT INTO [dbo].Course (courseId, courseName, IsNewCourse, codeType, codePlanningMethod, courseGroupId, [description])
VALUES
    ('59b4f489-9603-4db6-a20b-823b69892acc', N'Windows Presentation Foundation', 1, 1, 1, '59b4f489-9603-4db6-a20b-823b69892ccc', N'В рамках тренинга изучаются различные аспекты технологии WPF. Теоретический материал закрепляется при помощи решения практических задач. Тренинг предназначен для программистов, имеющих опыт работы с платформой .NET и желающих изучить технологию WPF.'),
	('59b4f489-9603-4db6-a20b-823b69892add', N'MVC ASP.NET', 0, 2, 1, '59b4f489-9603-4db6-a20b-823b69892ccc', N''),
	('59b4f489-9603-4db6-a20b-823b69892aee', N'Front-End', 1, 1, 1, '59b4f489-9603-4db6-a20b-823b69892ccc', N'Тренинг разделён на две части. В первой изучаются базовые аспекты JavaScript, включая работу с функциями, объектами и классами. Вторая часть рассматривает различные JavaScript-фреймворки (jQuery, AngularJS, KnockoutJS) и UI-компоненты на основе jQuery UI и Bootstrap. ');

-- Trainer_Course_Xref
DELETE FROM [dbo].Trainer_Course_Xref;
INSERT INTO [dbo].Trainer_Course_Xref (trainerId, courseId)
VALUES
    ('59b4f489-9603-4db6-a20b-823b69892cdd', '59b4f489-9603-4db6-a20b-823b69892acc'),
    ('59b4f489-9603-4db6-a20b-823b69892abb', '59b4f489-9603-4db6-a20b-823b69892add'),
	 ('59b4f489-9603-4db6-a20b-823b69892abb', '59b4f489-9603-4db6-a20b-823b69892aee');
